Name,Cinsiyet,Doğum Yılı,Eğitim Durumu,Sınıf (üni),Kayıtlı olduğun üniversite,Kayıtlı olduğun bölüm,Mezun olduğun üniversite,Mezun olduğun bölüm
recxxTaE4br5ZuQCl,Erkek,2003,Lisans,1,Fırat Üniversitesi (Elazığ),Havacılık Elektrik ve Elektroniği,,
recvgJh3rrLsLVjMP,Kadın,2000,Lisansüstü,,,,İstanbul Medeniyet Üniversitesi,İlköğretim Matematik Öğretmenliği
rec6qV5RaQllp3Kso,Kadın,2003,Lisans,2,Anadolu Üniversitesi (Eskişehir),Eczacılık Fakültesi,,
recD3hY8VXEhPaOR2,Kadın,2000,Lisansüstü,,,,İzmir Yüksek Teknoloji Enstitüsü,Matematik (İngilizce)
reczJkjcceXIXYjP0,Kadın,2003,Lisans,3,Alanya Alaaddin Keykubat Üniversitesi (Antalya),Endüstri Mühendisliği,,
recLa8uwKSW0jVLui,Kadın,2005,Lisans,1,Iğdır Üniversitesi,Bilgisayar Mühendisliği,,
rec01FRyEQKNlUaU8,Kadın,2004,Lisans,1,İstanbul Medipol Üniversitesi,Endüstri Mühendisliği,,
recjXqARNyxjpWC6P,Kadın,2004,Lisans,2,Doğuş Üniversitesi (İstanbul),Endüstri Mühendisliği,,
recfWyMHKBatsswXQ,Erkek,2000,Lisans,4,Gazi Üniversitesi (Ankara),Bilgisayar Mühendisliği,,
rechh5MyMKQsLcxxy,Erkek,2005,Lisans,2,Siirt Üniversitesi,Bilgisayar Mühendisliği,,
recS6oDVhnLDGdxxK,Erkek,2002,Lisans,3,Süleyman Demirel Üniversitesi (Isparta),Fizik,,
reciSaAAjqBTaezg6,Kadın,1994,Lisans Mezunu,,,,Süleyman Demirel Üniversitesi (Isparta),İngilizce Öğretmenliği
recmLewB7ntSVszDy,Kadın,2006,Lisans,1,Yıldız Teknik Üniversitesi,Endüstri Mühendisliği,,
recfx9O1ChU94YfTq,Kadın,2002,Lisans,4,Çukurova Üniversitesi (Adana),İnşaat Mühendisliği,,
recO9IRa0JAXd7LFz,Erkek,2001,Lisans,3,İstanbul Teknik Üniversitesi,İşletme Mühendisliği (İngilizce),,
rec7JpJzX7Dkj5eWk,Kadın,2001,Lisans,3,Çankaya Üniversitesi (Ankara),Endüstri Mühendisliği,,
recX76JPOSaoK7wnZ,Erkek,2003,Lisans,3,Erciyes Üniversitesi (Kayseri),Bilgisayar Mühendisliği,,
recy3HwOhrGdsTY6Q,Erkek,2005,Lisans,1,Ankara Yıldırım Beyazıt Üniversitesi,Endüstri Mühendisliği,,
recG1wipvjSCUF9OO,Kadın,2005,Lisans,1,Sağlık Bilimleri Üniversitesi (İstanbul),Dil ve Konuşma Terapisi,,
recFlsC9Qa5mPpp1F,Kadın,2004,Lisans,3,İstanbul Üniversitesi,Ekonometri,,
recnQYEnJF94fMAaY,Kadın,2003,Lisans,Hazırlık,Boğaziçi Üniversitesi (İstanbul),Fizik Öğretmenliği,,
recyTgFyZUrPK3Ov6,Kadın,2006,Lisans,Hazırlık,Türk-Alman Üniversitesi (İstanbul),İktisat (Almanca),,
recqfR3kONj3hCvz4,Erkek,1996,Lisansüstü,,,,Bursa Uludağ Üniversitesi,Yönetim Bilişim Sistemleri
recte8JuKqlQYzsMP,Erkek,2003,Lisans,4,Gazi Üniversitesi (Ankara),İstatistik,,
recflUUqWZFKSrfW9,Kadın,2003,Lisans,2,İstanbul Üniversitesi,Matematik,,
recaReaZGejsIs6ea,Kadın,2004,Lisans,2,Trakya Üniversitesi (Edirne),Genetik ve Biyomühendislik,,
rec1Q8EsmrzZgDevK,Erkek,2003,Lisans,2,Bandırma Onyedi Eylül Üniversitesi (Balıkesir),Yönetim Bilişim Sistemleri,,
recnXl65fgxtdxvrE,Kadın,2000,Lisans Mezunu,,,,İstanbul Sabahattin Zaim Üniversitesi,Gıda Mühendisliği (İngilizce)
recKWeraSBHVtWqpQ,Kadın,1995,Lisansüstü,,,,Çanakkale Onsekiz Mart Üniversitesi,Sosyoloji
receWyV7CfpZcSOU1,Erkek,2001,Lisans,1,Anadolu Üniversitesi (Eskişehir),Yönetim Bilişim Sistemleri,,
recnZGVWUWbASS7Fq,Kadın,2003,Lisans,2,Yıldız Teknik Üniversitesi,Biyomedikal Mühendisliği (İngilizce),,
recpEETBdULbRaG7S,Kadın,2003,Lisans,3,İstanbul Üniversitesi,Sosyoloji,,
reci6Rm3KNtcGA5gy,Erkek,2006,Lisans,1,Fenerbahçe Üniversitesi (İstanbul),Bilgisayar Mühendisliği (İngilizce),,
recHE4Be25LXcLmrC,Erkek,2002,Lisans,4,Eskişehir Osmangazi Üniversitesi,Makine Mühendisliği,,
recxQug0TyKdtowa1,Kadın,2004,Lisans,2,Ondokuz Mayıs Üniversitesi (Samsun),Endüstri Mühendisliği,,
recmz1Vepe45zHlHW,Kadın,2001,Lisans,3,Karadeniz Teknik Üniversitesi (Trabzon),Yazılım Mühendisliği,,
recrhsW4ICq82Hvf0,Kadın,1999,Lisans,4,Ordu Üniversitesi,Fen Bilgisi Öğretmenliği,,
recyCLfgyWAapFBaa,Erkek,2003,Lisans,2,Mef Üniversitesi (İstanbul),Bilgisayar Mühendisliği,,
rec7AjjV6ipZSKnMw,Kadın,2007,Lise,,,,,
recFXqeZ0TELEADSr,Kadın,2001,Lisans,5,Ankara Yıldırım Beyazıt Üniversitesi,Metalurji ve Malzeme Mühendisliği (İngilizce),,
recwxWrapwx4eXIvK,Kadın,2006,Lise Mezunu,,,,,
recvUcGOSfMQX9wo3,Kadın,2006,Lisans,Hazırlık,Yıldız Teknik Üniversitesi,Moleküler Biyoloji ve Genetik,,
recRDgQFwXWvLsDmW,Kadın,2001,Lisans,1,Tekirdağ Namık Kemal Üniversitesi,Çalışma Ekonomisi ve Endüstri İlişkileri,,
reca7gi3jTPXv7Bbz,Kadın,2002,Lisans,4,Karabük Üniversitesi,Endüstri Mühendisliği,,
recjzenmQtg3J1GwG,Erkek,2001,Lisans,3,Mersin Üniversitesi,Yönetim Bilişim Sistemleri,,
recurpQ3DnHFne9JM,Kadın,2004,Lisans,2,Kahramanmaraş Sütçü İmam Üniversitesi,Bilgisayar Mühendisliği,,
recr9p6dWbvtDHjhs,Kadın,2005,Lisans,2,Doğuş Üniversitesi (İstanbul),Yazılım Mühendisliği,,
recmD8k4a874bVRLX,Kadın,2003,Lisans,3,Fırat Üniversitesi (Elazığ),Moleküler Biyoloji ve Genetik (İngilizce),,
recz5ae07pNPjirV4,Kadın,2004,Lisans,Hazırlık,Necmettin Erbakan Üniversitesi (Konya),Endüstri Mühendisliği (İngilizce),,
recZ64WbIf09bkbz1,Kadın,2002,Lisans,2,İzmir Yüksek Teknoloji Enstitüsü,Gıda Mühendisliği (İngilizce),,
reciBiL1gx9GUXmdU,Kadın,2002,Lisans,4,İnönü Üniversitesi (Malatya),Yazılım Mühendisliği,,
rechF2KG2KTCTcA0g,Kadın,2003,Lisans,2,Hacettepe Üniversitesi (Ankara),İstatistik,,
rec89xhuQG4wV6Rl5,Erkek,2003,Lisans,2,Marmara Üniversitesi (İstanbul),Endüstri Mühendisliği (İngilizce),,
recd2MAcBfDeTOBO3,Kadın,2010,Lise,,,,,
receTK2KAvks4WFiu,Kadın,2010,Lise,,,,,
recexLDyDQOfp8PT1,Kadın,2003,Lisans,4,Nişantaşı Üniversitesi (İstanbul),Mekatronik Mühendisliği,,
recl9jvOQIOc1lTIm,Kadın,2002,Lisans,2,Yıldız Teknik Üniversitesi,Kimya (İngilizce),,
recbaNMkNxBX0RAI8,Kadın,2006,Lise Mezunu,,,,,
recmgrAL6z78yjgKp,Kadın,2004,Lisans,1,Konya Gıda Ve Tarım Üniversitesi,Yönetim Bilişim Sistemleri (İngilizce),,
recAErCbjNeNrKp1b,Kadın,2001,Lisans,4,İstanbul Teknik Üniversitesi,Tekstil Mühendisliği,,
rec7qpukUwaQRVCVH,Kadın,2004,Lisans,3,Bartın Üniversitesi,Bilgisayar Mühendisliği,,
reczkl5h3malTOu46,Kadın,2000,Lisans Mezunu,,,,Orta Doğu Teknik Üniversitesi (Ankara),Matematik (İngilizce)
reclGEvTz9H91HqBF,Kadın,2010,Lise,,,,,
recCnCIqyXLIf2DpX,Kadın,1996,Lisans Mezunu,,,,İhsan Doğramacı Bilkent Üniversitesi (Ankara),Uluslararası İlişkiler (İngilizce)
recMOEgit9paeRpu0,Kadın,2003,Lisans,2,İstanbul Sabahattin Zaim Üniversitesi,İşletme,,
recctBdfAVlccKdlt,Kadın,2005,Lisans,1,Orta Doğu Teknik Üniversitesi (Ankara),Endüstriyel Tasarım (İngilizce),,
recHa3hlyd33u0BGL,Kadın,2001,Lisans,3,Yıldız Teknik Üniversitesi,İşletme,,
recvUg754icLr3rNY,Erkek,2009,Lise,,,,,
reczOoIIrVZ5xM0bH,Kadın,2005,Lisans,Hazırlık,Kocaeli Üniversitesi,Elektronik ve Haberleşme Mühendisliği (İngilizce),,
recs6MB9SCrbcZ0mT,Kadın,2002,Lisans,3,Sakarya Üniversitesi,Yazılım Mühendisliği (İngilizce),,
recUW5ICjGUJgsRDp,Erkek,2004,Ön Lisans,1,Düzce Üniversitesi,İşletme,,
recYiw6RK3szw63fW,Erkek,2004,Lisans,Hazırlık,Kocaeli Üniversitesi,Yazılım Mühendisliği (İngilizce),,
recJcrNIlqc3dUvMN,Kadın,2007,Lise,,,,,
recA854W4NCnurEyo,Kadın,2003,Lisans,4,Hacettepe Üniversitesi (Ankara),Psikoloji,,
recFKeyMVheNcl9i2,Kadın,2003,Lisans,2,Gaziantep Üniversitesi,Sosyoloji (İngilizce),,
rectbBEc3GqbF55Y2,Kadın,2002,Lisans,4,İstanbul Teknik Üniversitesi,Geomatik Mühendisliği (İngilizce),,
rechhPE2ljgZbraWJ,Erkek,1998,Lisans,1,Gebze Teknik Üniversitesi,İşletme,,
recZdlY96BIQIKehA,Kadın,2004,Lisans,2,Yıldız Teknik Üniversitesi,Elektrik Mühendisliği (İngilizce),,
rec6xRPqgrB32wVgD,Kadın,2004,Lisans,1,Mimar Sinan Güzel Sanatlar Üniversitesi (İstanbul),İstatistik,,
rec753bzeuNPj41Us,Erkek,2004,Lisans,1,Hatay Mustafa Kemal Üniversitesi,Uluslararası İlişkiler,,
recPIShXLT9jXBsgL,Kadın,2003,Lisans,2,Bursa Teknik Üniversitesi,Elektrik-Elektronik Mühendisliği,,
recZ775gR2VZmlDBN,Kadın,2003,Lisans,3,Manisa Celâl Bayar Üniversitesi,Yazılım Mühendisliği (M.T.O.K.) (İÖ),,
recH5IB6Pph7AS1R2,Kadın,2005,Lisans,1,Amasya Üniversitesi,Bilgisayar Mühendisliği,,
recLvVneDVIgF9GiZ,Erkek,2002,Lisans,5,Amasya Üniversitesi,Bilgisayar Mühendisliği,,
recc3bhMmKmJ2kLrZ,Kadın,2004,Lisans,2,İzmir Ekonomi Üniversitesi,Bilgisayar Mühendisliği,,
recdDUOZKD3jbg8dp,Kadın,2004,Lisans,Hazırlık,Mef Üniversitesi (İstanbul),Elektrik-Elektronik Mühendisliği,,
recPX8I0gaVwxltba,Kadın,2001,Lisans,4,İstanbul Arel Üniversitesi,Bilgisayar Mühendisliği,,
recHI6TVFvT32QpMD,Kadın,2003,Lisans,2,İstanbul Ayvansaray Üniversitesi,İşletme,,
recNW8EIRj3KlDofC,Kadın,2002,Lisans,4,Bilecik Şeyh Edebali Üniversitesi,Yönetim Bilişim Sistemleri,,
rec4i5VVOR7r8LmYu,Kadın,2003,Lisans,1,Üsküdar Üniversitesi (İstanbul),Bilgisayar Mühendisliği (İngilizce),,
recXsOeC46N2GIOYy,Kadın,1989,Lisans Mezunu,,,,Kütahya Dumlupınar Üniversitesi,Fizik
recDHqcKsod5BDTG7,Kadın,2002,Lisans,4,Kocaeli Üniversitesi,Endüstri Mühendisliği,,
recgtpnhgMOhAPawg,Kadın,2006,Lisans,Hazırlık,Yıldız Teknik Üniversitesi,Çevre Mühendisliği,,
recvQPIJc5Oczxez4,Erkek,2002,Lisans,4,İstanbul Aydın Üniversitesi,Endüstri Mühendisliği (İngilizce),,
recwLukOesl8NhWWQ,Kadın,2003,Lisans,2,Mef Üniversitesi (İstanbul),İşletme (İngilizce),,
recj1YBbNpsiak2rO,Erkek,2005,Lisans,1,Boğaziçi Üniversitesi (İstanbul),Makine Mühendisliği (İngilizce),,
recTdFEPHSzK0Q4hJ,Erkek,2004,Lisans,2,Karabük Üniversitesi,Bilgisayar Mühendisliği,,
recppboELtscYTdne,Erkek,2005,Lisans,Hazırlık,İstanbul Aydın Üniversitesi,Yazılım Mühendisliği (İngilizce),,
recUrVwyYptmhwAr6,Kadın,2003,Lisans,3,Selçuk Üniversitesi (Konya),Yönetim Bilişim Sistemleri,,
rectgdLlDz03CI9il,Erkek,2005,Lisans,1,Ankara Yıldırım Beyazıt Üniversitesi,Bilgisayar Mühendisliği,,
rechAzELhuXZL1bEK,Kadın,2004,Ön Lisans Mezunu,,,,Hatay Mustafa Kemal Üniversitesi,Bilgisayar Teknolojisi ve Bilişim Sistemleri
reczubc6Geo2QJU9c,Erkek,2004,Lisans,2,Yıldız Teknik Üniversitesi,Biyomühendislik (İngilizce),,
reciVNf3YZdGyGyn5,Kadın,2005,Lise Mezunu,,,,,
recsImT9Ks887KpCT,Erkek,2010,Lise,,,,,
reckCjUbmSjGyhb3G,Erkek,2003,Lisans,3,Dokuz Eylül Üniversitesi (İzmir),Yönetim Bilişim Sistemleri,,
recamTDekoNruLONY,Kadın,2004,Lisans,1,Erciyes Üniversitesi (Kayseri),Endüstri Mühendisliği,,
reci43DJX2yMshJmc,Kadın,2001,Lisans,4,Orta Doğu Teknik Üniversitesi (Ankara),Biyoloji,,
rec6BYaJBhpsP7eGL,Kadın,2003,Lisans,2,Ege Üniversitesi (İzmir),İstatistik,,
recnrigPyvFiB8OEf,Kadın,2005,Lisans,1,İstanbul Ayvansaray Üniversitesi,Yönetim Bilişim Sistemleri (İngilizce),,
recJ5zvrsVRl0HCMU,Erkek,2005,Lisans,Hazırlık,Kto Karatay Üniversitesi (Konya),Bilgisayar Mühendisliği (İngilizce),,
rec3e3eDfGJ8QEjo3,Kadın,2001,Lisans,3,Bahçeşehir Üniversitesi (İstanbul),İşletme (İngilizce),,
reckn0lhqS8ZlmH2H,Kadın,2003,Lisans,2,Boğaziçi Üniversitesi (İstanbul),İşletme,,
rec8mS33m9VE6X5YY,Kadın,2002,Lisans,2,Yeditepe Üniversitesi (İstanbul),Siyaset Bilimi ve Uluslararası İlişkiler (Fransızca),,
recpmPAsstyKuNxSf,Kadın,1999,Lisans Mezunu,,,,Kocaeli Üniversitesi,Endüstri Mühendisliği
reclH2vEIuhq1Kpf2,Kadın,2002,Lisans,3,İzmir Yüksek Teknoloji Enstitüsü,Fotonik (İngilizce),,
recvZ6k9t3j2SrPTH,Kadın,2002,Lisans,4,İstanbul Üniversitesi,Matematik (İngilizce),,
recAI8TqYi3JFbosc,Belirtmek istemiyorum.,1999,Ön Lisans,2,Kastamonu Üniversitesi,Bilgisayar Bilimleri,,
recq3ylXX3AJuO7TU,Kadın,1998,Lisans Mezunu,,,,Harran Üniversitesi (Şanlıurfa),Bilgisayar Mühendisliği
recC9H35lShU24LyI,Kadın,2003,Lisans,3,Süleyman Demirel Üniversitesi (Isparta),Endüstri Mühendisliği,,
recQTyfcGk8uyuK7P,Kadın,2003,Lisans,3,Yıldız Teknik Üniversitesi,Kimya (İngilizce),,
recxWitPoC8qdPbpJ,Kadın,2002,Lisans,2,Yıldız Teknik Üniversitesi,İstatistik (İngilizce),,
recyVj03BKLSVUFh0,Kadın,2003,Lisans,2,Mef Üniversitesi (İstanbul),İşletme (İngilizce),,
reckeTkrKggNCleHn,Kadın,2001,Lisans Mezunu,,,,Ondokuz Mayıs Üniversitesi (Samsun),Kimya Mühendisliği
recgSoPjCoBG027sk,Erkek,2004,Lisans,1,Gebze Teknik Üniversitesi,İktisadi ve İdari Programlar (İngilizce),,
rec1ZHw9xmpqbMF6C,Kadın,2003,Lisans,2,Sakarya Uygulamalı Bilimler Üniversitesi,Elektrik-Elektronik Mühendisliği,,
rec3pYM5n7Vo4ijHa,Kadın,2005,Lisans,1,Ege Üniversitesi (İzmir),Kimya Mühendisliği (İngilizce),,
reccsGTg5cVXxd0gX,Kadın,2004,Lisans,2,Beykent Üniversitesi (İstanbul),Bilgisayar Mühendisliği (İngilizce),,
recrdhLf0sza9922o,Kadın,2006,Lisans,1,İstanbul Üniversitesi,"Radyo, Televizyon ve Sinema (Uzaktan Öğretim)",,
rec285BQzaQyOB1Zt,Kadın,2004,Lisans,2,Atatürk Üniversitesi (Erzurum),Endüstri Mühendisliği,,
recAP269VlIT9KCIJ,Erkek,2001,Lisans Mezunu,,,,Ordu Üniversitesi,Moleküler Biyoloji ve Genetik
recBU0PGsCiaUpk1y,Erkek,2001,Ön Lisans,2,İstanbul Gelişim Üniversitesi,Çeviribilimi (İngilizce),,
recZK1HCFJHTVbNv6,Kadın,2003,Lisans,2,İstanbul Üniversitesi,Astronomi ve Uzay Bilimleri,,
rec1OXU37zsL334yY,Kadın,2009,Lise,,,,,
recyj0dcYgkr5otmI,Kadın,2004,Lisans,1,Ankara Sosyal Bilimler Üniversitesi,İşletme,,
rec954p8mfdsJjJjo,Kadın,2004,Lisans,3,Trakya Üniversitesi (Edirne),Bankacılık ve Sigortacılık,,
rec9ohMMyEiyXn8t1,Kadın,2008,Lise,,,,,
rec82vLhLScAiilKW,Erkek,2002,Lisans,2,İstanbul Teknik Üniversitesi,Matematik Mühendisliği,,
recDF926m77nK8Rf6,Erkek,1999,Lisans Mezunu,,,,İstanbul Teknik Üniversitesi,Geomatik Mühendisliği (İngilizce)
rec7ebxNfFBS5c1fQ,Erkek,2004,Lisans,3,Burdur Mehmet Akif Ersoy Üniversitesi,Yönetim Bilişim Sistemleri,,
recysmp532H4wK2Nt,Kadın,2000,Lisans,4,Eskişehir Teknik Üniversitesi,Kimya Mühendisliği (İngilizce),,
recHO6VDsyWA6NWVn,Kadın,2005,Lisans,1,Boğaziçi Üniversitesi (İstanbul),Bilgisayar Mühendisliği (İngilizce),,
recfJRfmVay6wTWVX,Kadın,2004,Lisans,3,Bursa Teknik Üniversitesi,Matematik,,
recfgEk36Qve1ofBB,Kadın,2002,Lisans,3,İstanbul Üniversitesi,Yönetim Bilişim Sistemleri (İngilizce),,
rect5zd627Sz6c3bh,Kadın,2003,Lisans,4,Necmettin Erbakan Üniversitesi (Konya),Özel Eğitim Öğretmenliği,,
recUQuCBiernbEAXA,Kadın,2004,Lisans,3,Haliç Üniversitesi (İstanbul),Makine Mühendisliği (İngilizce),,
rec4vX5y8mW5aMfpc,Kadın,2004,Lisans,2,Fırat Üniversitesi (Elazığ),Yazılım Mühendisliği,,
recdPRK3brXjtDQh1,Kadın,2006,Lisans,Hazırlık,Mef Üniversitesi (İstanbul),Makine Mühendisliği,,
recaMRQBYL5VBQfD0,Kadın,2005,Lisans,2,Marmara Üniversitesi (İstanbul),İşletme,,
recMaAoHpgm1FYi92,Erkek,2005,Lisans,Hazırlık,İstanbul Üniversitesi-Cerrahpaşa,Almanca Öğretmenliği,,
rech0yQfCTzzOZCb2,Kadın,2005,Lisans,1,Koç Üniversitesi (İstanbul),Moleküler Biyoloji ve Genetik (İngilizce),,
rec1pCcAtuhyZRbNm,Kadın,2000,Lisans,2,Çanakkale Onsekiz Mart Üniversitesi,İlahiyat (Arapça) (M.T.O.K.),,
recq1kwbA2bpMXseg,Kadın,2006,Lisans,Hazırlık,Galatasaray Üniversitesi (İstanbul),Sosyoloji (Fransızca),,
recDphccKNOzJ0z59,Kadın,2004,Lisans,3,Ege Üniversitesi (İzmir),İşletme,,
recchXfCh5DSTHs23,Kadın,2003,Lisans,3,Akdeniz Üniversitesi (Antalya),Çocuk Gelişimi,,
recwZ0BMSRoOsuxGS,Kadın,2004,Lisans,2,Konya Teknik Üniversitesi,Endüstri Mühendisliği,,
rect8SWSQpznwzrM2,Kadın,2005,Lisans,1,Kadir Has Üniversitesi (İstanbul),Endüstri Mühendisliği (İngilizce),,
recESDGtgmEXlTKL4,Erkek,2010,Lise,,,,,
recw1QH3ol9PDD0bY,Kadın,2006,Lisans,Hazırlık,Boğaziçi Üniversitesi (İstanbul),İnşaat Mühendisliği (İngilizce),,
reck970dTEQUJGK8A,Kadın,2000,Lisans,2,İstanbul Medipol Üniversitesi,Yönetim Bilişim Sistemleri,,
recV7n62YTh6YGSS4,Erkek,2004,Lisans,1,Trakya Üniversitesi (Edirne),Bilgisayar Mühendisliği,,
recwjw0dO39QYigdt,Erkek,2006,Lisans,1,Fırat Üniversitesi (Elazığ),Yapay Zeka ve Veri Mühendisliği (İngilizce),,
recHKK93vDExImQ28,Kadın,2005,Lisans,1,İstanbul Teknik Üniversitesi,İşletme Mühendisliği (İngilizce),,
recR6obyTMnKCTUSy,Kadın,2003,Lisans,2,Düzce Üniversitesi,Bilgisayar Mühendisliği,,
recp55ZP634q1aYyB,Erkek,2006,Lisans,Hazırlık,Tekirdağ Namık Kemal Üniversitesi,Bilgisayar Mühendisliği,,
recs4wLScfzPRHl9X,Kadın,2004,Lisans,Hazırlık,Necmettin Erbakan Üniversitesi (Konya),Endüstri Mühendisliği (İngilizce),,
recLP2RBUT3Z7K25D,Kadın,2002,Lisans,4,Alanya Alaaddin Keykubat Üniversitesi (Antalya),Endüstri Mühendisliği,,
rec1b6SNX1EJBmwj7,Kadın,2003,Lisans,3,Piri Reis Üniversitesi (İstanbul),Endüstri Mühendisliği (İngilizce),,
recotHmJqE9otCIF3,Kadın,2003,Lisans,Hazırlık,Hacettepe Üniversitesi (Ankara),İşletme (İngilizce),,
reckBOvrcMs11P3Zb,Erkek,2009,Lise,,,,,
recSn0r6eOxWGFKEb,Erkek,1987,Lisansüstü Mezunu,,,,Çanakkale Onsekiz Mart Üniversitesi,Türk Dili ve Edebiyatı
recetcR9npTJ5v5Kg,Kadın,2000,Lisans,4,Yalova Üniversitesi,Uluslararası İlişkiler (İngilizce),,
rec0XwINOEmWPAX6c,Kadın,2010,Lise,,,,,
rec4qUKEMmODuFdxI,Erkek,2005,Lisans,2,Mef Üniversitesi (İstanbul),Endüstri Mühendisliği (İngilizce),,
recd8H0ZZfNamrKaI,Kadın,2005,Ön Lisans,1,Kocaeli Sağlık Ve Teknoloji Üniversitesi,Bilgisayar Bilimleri,,
recPXRR5vJUf0I6TW,Kadın,2001,Lisans Mezunu,,,,Yıldız Teknik Üniversitesi,Matematik
recXsouVp18f6RWe7,Kadın,2002,Lisans,3,Çukurova Üniversitesi (Adana),Bilgisayar Mühendisliği (İngilizce) (İÖ),,
rec4mWKo4JxyFoVzY,Erkek,2004,Lisans,1,Düzce Üniversitesi,Bilgisayar Mühendisliği,,
rectddZNoPqVpLgiU,Kadın,2008,Lise,,,,,
rec4sNFnHj7t0uD5r,Kadın,2002,Lisans,3,Muğla Sıtkı Koçman Üniversitesi,Yönetim Bilişim Sistemleri,,
rec6J0JbQ57jfZ5Ve,Erkek,2006,Lise Mezunu,,,,,
reckW1O4N0tJXCZqS,Kadın,2003,Lisans,2,Selçuk Üniversitesi (Konya),Uluslararası İlişkiler,,
recHMh6EYIoLtuVcT,Erkek,1999,Lisansüstü,,,,Burdur Mehmet Akif Ersoy Üniversitesi,Matematik
recwJH16qrD2XXmFs,Erkek,2004,Ön Lisans,1,Marmara Üniversitesi (İstanbul),Bilgisayar Bilimleri,,
recw2gQSvgjZsQmpU,Kadın,2003,Lisans,3,İstinye Üniversitesi (İstanbul),Endüstri Mühendisliği (İngilizce),,
recq7iTMDZquZNnQ5,Kadın,2005,Ön Lisans,1,Ostim Teknik Üniversitesi (Ankara),Bilgisayar Bilimleri,,
rec6a1OqfTl2Se7Qy,Erkek,2002,Lisans,1,Boğaziçi Üniversitesi (İstanbul),Fizik (İngilizce),,
recq4KjKxXUWiRieF,Kadın,2000,Lisans Mezunu,,,,İstanbul Medipol Üniversitesi,Yönetim Bilişim Sistemleri
rec57y4O1n9xqqzyt,Erkek,2000,Lisans Mezunu,,,,Boğaziçi Üniversitesi (İstanbul),Ekonomi (İngilizce)
rechblzxjKxWP3ZSa,Kadın,2003,Lisans,1,İzmir Demokrasi Üniversitesi,Tıp (İngilizce),,
recmlUSm2yZ8VoMAG,Belirtmek istemiyorum.,1999,Ön Lisans,2,Kastamonu Üniversitesi,Diğer,,
reca3fwmaSNjfqOBi,Erkek,2004,Ön Lisans,2,Aydın Adnan Menderes Üniversitesi,Elektrik Mühendisliği,,
recFuwCSQ3aG79CHh,Kadın,2007,Lisans,Hazırlık,Gebze Teknik Üniversitesi,Çevre Mühendisliği (İngilizce),,
rec5IIzjRMZ5UFEaF,Erkek,2001,Lisans,3,Yeditepe Üniversitesi (İstanbul),Uluslararası İşletme Yönetimi (Almanca),,
rec7wIsMx1RFrqJkU,Kadın,2002,Lisans,3,Kütahya Sağlık Bilimleri Üniversitesi,Bilgisayar Mühendisliği,,
recOrgK9ssP6RqYBP,Erkek,2005,Lisans,1,İstinye Üniversitesi (İstanbul),Yazılım Mühendisliği (İngilizce),,
rec6RwF7tK3r6WwXl,Kadın,2000,Lisans Mezunu,,,,Marmara Üniversitesi (İstanbul),İşletme (Almanca)
recwEiK6hvMAJAYwA,Erkek,2002,Lisans,4,Eskişehir Osmangazi Üniversitesi,Hemşirelik,,
recF6CKG1TtDBQxbN,Erkek,2002,Lisans,3,Yaşar Üniversitesi (İzmir),Yönetim Bilişim Sistemleri (İngilizce),,
recBFl3tiJuhQYwr2,Kadın,2003,Lisans,4,Bilecik Şeyh Edebali Üniversitesi,Sosyal Hizmet,,
recZJEljBNwBwyCy3,Kadın,2000,Lisans Mezunu,,,,İstanbul Sabahattin Zaim Üniversitesi,Gıda Mühendisliği (İngilizce)
recWBY358rmCtx7V8,Kadın,1997,Lisans,4,Afyon Kocatepe Üniversitesi (Afyonkarahisar),Acil Yardım ve Afet Yönetimi (KKTC Uyruklu),,